Biomarker,Coefficient,Absolute_Weight
time,-1.604504160245281,1.604504160245281
log_serum_creatinine,0.827329822492156,0.827329822492156
ejection_fraction,-0.803591260819483,0.803591260819483
age,0.34911328114598444,0.34911328114598444
log_creatinine_phosphokinase,0.3421282789338417,0.3421282789338417
diabetes,0.20618577106173328,0.20618577106173328
sex,-0.1404184014615295,0.1404184014615295
platelets,-0.10802798598803011,0.10802798598803011
anaemia,0.09034250292879227,0.09034250292879227
smoking,0.07158742780854255,0.07158742780854255
high_blood_pressure,0.05973398165999068,0.05973398165999068
serum_sodium,-0.04198003756892404,0.04198003756892404
